id;ref_client;nom;prenom;contact
1;reciprocal withdrawa;synthesize compressing;multi-byte Administrator;paradigm
2;foreground XSS engag;Integration e-markets;Handcrafted iterate PNG;Account
3;vortals;Jewelery Internal;Licensed;uniform content
4;Corporate Wooden;Metal Wooden back-end;Avon online;index
5;transitional Multi-l;orange;hub encoding Cape;Division Corporate
6;payment;Wisconsin neural;migration Plastic Small;Automotive Fantastic Ball
7;Pants;Market Gorgeous;back-end Cambridgeshire Cotton;wireless COM Licensed
8;Supervisor Account B;Checking;feed;Central cutting-edge Account
9;copying viral bandwi;invoice cohesive;Maine generating;Delaware Sausages
10;index;e-business Loan;Shoes;hack synthesize alarm
