id;nom;prenom
70e29387-7d11-4a71-85c5-b6e1c6ff4fa1;indigo District;Vermont
0a7258c6-1ae4-4a3b-aa3a-b650ebdcee07;Account;and
0634c7f1-37e3-45be-ac08-68c2dcefd53a;Aruban Netherlands Fresh;Money
12f4f2ce-3b49-46c5-9f63-33a5fced34a9;copying;EXE
dd67192a-85f8-4736-806f-79c6ca0c3ec4;Cambridgeshire EXE calculating;plug-and-play Up-sized
afd34b4e-2a10-4168-b1eb-e7de5cbc30c0;grid-enabled Nevada invoice;input
2b4e2833-2391-4fb5-9a55-5439f447978d;Steel robust;hack
78fc8dea-c275-4e5c-ba6a-013bf4e762d2;Accountability;haptic Account
ae11d98f-191c-4f92-be89-0fc514efcfd7;Awesome Jewelery;Account Coordinator Rubber
889be6ed-67e5-4d43-b017-d7b0a6b31f76;benchmark;Generic Clothing Industrial
